{
	"name" : "XY Coordinates Generator Pack",
	"displayname" : "XY",
	"version" : "1.0",
	"author" : "Daniele Fabris",
	"description" : "A collection of tools to generate XY coordinates in gen~. Exploring different methods to interact with movements, trajectories and location in a two dimensional space.",
	"tags" : [ "XY", "coordinates", "gen~", "2D", "3D", "movement", "spatial", "location",  "musicinformatics"],
	"website" : "https://www.danielefabris.com/projects/",
	"extends" : "",
	"extensible" : 0,
	"max_version_min" : "8",
	"max_version_max" : "none",
	"os" : 	{
		"macintosh" : 		{
			"platform" : [ "ia32", "x64" ],
			"min_version" : "none"
		}
,
		"windows" : 		{
			"platform" : [ "ia32", "x64" ],
			"min_version" : "none"
		}
},
	"homepatcher" : "XY_overview.maxpat",
	"filelist" : 	{
		"patchers" : [ "xy.MANUAL4~.maxpat", "xy.MANUAL~.maxpat", "xy.RANDOM~.maxpat", "xy.SEQUENCE8~.maxpat", "xy.SEQUENCE4~.maxpat", "xy.FM~.maxpat", "xy.FM3~.maxpat", "xy.MASS~.maxpat", "xy.MULTI~.maxpat", "xy.WAVE~.maxpat", "xy.GALAXY~.maxpat", "xy.GRAINS~.maxpat","xyz.thomas~.maxpat","xyz.sprott~.maxpat","xyz.lorenz~.maxpat","xyz.halvorsen~.maxpat","xyz.fourwing~.maxpat","xyz.dadras~.maxpat","xyz.chen~.maxpat" ],
		"code" : [ "xy.sequencer8.gendsp","xy.sequencer4.gendsp", "xy.random.gendsp", "xy.mass.gendsp", "xy.multi.gendsp", "xy.wave.gendsp", "xy.galaxy.gendsp", "xy.manual.gendsp", "xy.grain.gendsp", "xy.fm.gendsp", "xyz.chen.gendsp", "xyz.dadras.gendsp", "xyz.fourwing.gendsp", "xyz.halvorsen.gendsp", "xyz.lorenz.gendsp", "xyz.sprott.gendsp", "xyz.thomas.gendsp" ],
		"snippet" : [ "xyz.thomas.maxsnip", "xyz.sprott.maxsnip", "xyz.lorenz.maxsnip", "xyz.halvorsen.maxsnip", "xyz.fourwing.maxsnip", "xyz.dadras.maxsnip", "xyz.chen.maxsnip", "xy.wave.maxsnip", "xy.sequencer8.maxsnip", "xy.sequencer4.maxsnip", "xy.random.maxsnip", "xy.multi.maxsnip", "xy.mass.maxsnip", "xy.manual4.maxsnip", "xy.manual.maxsnip", "xy.grains.maxsnip", "xy.galaxy.maxsnip", "xy.fm3.maxsnip", "xy.fm.maxsnip" ],
		"help" : [ "xy.wave~.maxhelp", "xy.sequencer~.maxhelp", "xy.random~.maxhelp", "xy.multi~.maxhelp", "xy.mass~.maxhelp", "xy.manual~.maxhelp", "xy.grains~.maxhelp", "xy.galaxy~.maxhelp", "xy.fm~.maxhelp", "xy.attractors~.maxhelp" ],
		"examples" : [ "XY_vector-wavetable.maxpat", "vws.gendsp", "XY_Spatial_Coordinates.maxpat", "spatial.gendsp", "XY_OSC.maxpat", "XY_Jitter.maxpat", "mc_jit_poke.maxpat", "xylooper.gendsp", "XY_sampler.maxpat", "XY_Collision.maxpat", "XY_MIDI_examples.maxpat", "XY_Jitter_2_examples.maxpat" ],
		"clippings" : [ "XY.MANUAL4.maxpat", "XY.MANUAL.maxpat", "XY.RANDOM.maxpat", "XY.SEQUENCE8.maxpat", "XY.SEQUENCE4.maxpat", "XY.FM.maxpat",
"XY.FM3.maxpat", "XY.MASS.maxpat", "XY.MULTI.maxpat", "XY.WAVE.maxpat", "XY.GALAXY.maxpat", "XY.GRAINS.maxpat", "XYZ.THOMAS.maxpat", "XYZ.SPROTT.maxpat", "XYZ.LORENZ.maxpat", "XYZ.HALVORSEN.maxpat", "XYZ.FOURWING.maxpat", "XYZ.DADRAS.maxpat", "XYZ.CHEN.maxpat" ],
		"media" : [ "examples.svg", "full_titolo.svg", "help.svg", "i.svg", "mi_logo.svg", "info.svg" ],
		"extras" : [ "XY_overview.maxpat" ]
	}
}
